p_id,dob,age,name,mobile_number,gender
1,1991-08-02,35,Aarav Sharma,9691682483,M
2,1967-08-24,59,Ishita Verma,9987825707,F
3,1949-07-26,77,Rohan Gupta,9339701014,M
4,1947-08-28,79,Sneha Iyer,9719659571,F
5,1947-03-09,79,Karan Nair,9153246119,M
6,1993-08-24,33,Divya Kapoor,9697714383,F
7,2004-04-18,22,Arjun Joshi,9550047120,M
8,2002-12-12,23,Neha Reddy,9226478448,F
9,1948-04-23,78,Aditya Menon,9701571670,M
10,1998-07-25,28,Pooja Singh,9724488420,F
11,1947-11-05,78,Rahul Patel,9301724977,M
12,1974-08-03,52,Ananya Rao,9688136138,F
13,2012-11-27,13,Vivek Malhotra,9163996269,M
14,1995-01-05,31,Simran Chatterjee,9830573909,F
15,1953-02-20,73,Yash Bansal,9934543046,M
